run_id,task_id,task_name,task_type,category,difficulty,system_group,system,ES,SC,PHR,CRSC,TV,SCH,MCS,output_path,notes
1,R001,Hospital service areas,buffer_service_area,Vector basic,easy,baseline,basic_gis_copilot,1,0.625,0.6667,0.3333,1.0,0.0,,experiments/04_geo_faithfulness_evaluator/outputs/geoguard_v2_run/task_outputs/run_1/basic_gis_copilot/R001/buffer_output.gpkg,Geographic CRS used without safe metric reprojection. CRS mismatch without safe alignment. Missing required output fields.
1,R002,Flood exposure overlay,overlay_intersection,Vector advanced,medium,baseline,basic_gis_copilot,1,1.0,1.0,0.0,1.0,1.0,,experiments/04_geo_faithfulness_evaluator/outputs/geoguard_v2_run/task_outputs/run_1/basic_gis_copilot/R002/overlay_output.gpkg,CRS mismatch without safe alignment.
1,R003,Count schools per tract,point_count_join,Vector basic,easy,baseline,basic_gis_copilot,1,1.0,1.0,0.0,1.0,1.0,,experiments/04_geo_faithfulness_evaluator/outputs/geoguard_v2_run/task_outputs/run_1/basic_gis_copilot/R003/point_count_join_output.gpkg,CRS mismatch without safe alignment.
1,R004,Clip temperature raster,raster_clip,Raster basic,medium,baseline,basic_gis_copilot,1,0.6667,1.0,0.0,1.0,1.0,,experiments/04_geo_faithfulness_evaluator/outputs/geoguard_v2_run/task_outputs/run_1/basic_gis_copilot/R004/raster_clip_output.tif,Raster/mask CRS mismatch without safe alignment.
1,R005,Zonal statistics over census tracts,zonal_statistics,Raster-vector fusion,medium,baseline,basic_gis_copilot,1,1.0,1.0,0.0,1.0,1.0,,experiments/04_geo_faithfulness_evaluator/outputs/geoguard_v2_run/task_outputs/run_1/basic_gis_copilot/R005/zonal_stats_output.gpkg,Zonal statistics CRS mismatch without safe alignment.
1,R006,Choropleth export,choropleth_export,Visualization,hard,baseline,basic_gis_copilot,1,1.0,0.0,1.0,1.0,1.0,3.0,experiments/04_geo_faithfulness_evaluator/outputs/geoguard_v2_run/task_outputs/run_1/basic_gis_copilot/R006/choropleth.png,Plain map export without map critic.
1,R001,Hospital service areas,buffer_service_area,Vector basic,easy,baseline,planner_reflector,1,0.625,0.0,1.0,1.0,0.0,,experiments/04_geo_faithfulness_evaluator/outputs/geoguard_v2_run/task_outputs/run_1/planner_reflector/R001/buffer_output.gpkg,Reprojected to EPSG:3857. Aligned both layers to EPSG:3857. Missing required output fields.
1,R002,Flood exposure overlay,overlay_intersection,Vector advanced,medium,baseline,planner_reflector,1,1.0,0.0,1.0,1.0,1.0,,experiments/04_geo_faithfulness_evaluator/outputs/geoguard_v2_run/task_outputs/run_1/planner_reflector/R002/overlay_output.gpkg,Aligned both layers to EPSG:3857.
1,R003,Count schools per tract,point_count_join,Vector basic,easy,baseline,planner_reflector,1,1.0,0.0,1.0,1.0,1.0,,experiments/04_geo_faithfulness_evaluator/outputs/geoguard_v2_run/task_outputs/run_1/planner_reflector/R003/point_count_join_output.gpkg,Aligned both layers to EPSG:3857.
1,R004,Clip temperature raster,raster_clip,Raster basic,medium,baseline,planner_reflector,1,0.6667,0.0,1.0,1.0,1.0,,experiments/04_geo_faithfulness_evaluator/outputs/geoguard_v2_run/task_outputs/run_1/planner_reflector/R004/raster_clip_output.tif,Reprojected mask to raster CRS before clipping.
1,R005,Zonal statistics over census tracts,zonal_statistics,Raster-vector fusion,medium,baseline,planner_reflector,1,1.0,0.0,1.0,1.0,1.0,,experiments/04_geo_faithfulness_evaluator/outputs/geoguard_v2_run/task_outputs/run_1/planner_reflector/R005/zonal_stats_output.gpkg,Reprojected polygons to raster CRS for zonal statistics.
1,R006,Choropleth export,choropleth_export,Visualization,hard,baseline,planner_reflector,1,1.0,0.0,1.0,1.0,1.0,3.0,experiments/04_geo_faithfulness_evaluator/outputs/geoguard_v2_run/task_outputs/run_1/planner_reflector/R006/choropleth.png,Plain map export without map critic.
1,R001,Hospital service areas,buffer_service_area,Vector basic,easy,baseline,geoguard_copilot,1,1.0,0.0,1.0,1.0,1.0,,experiments/04_geo_faithfulness_evaluator/outputs/geoguard_v2_run/task_outputs/run_1/geoguard_copilot/R001/buffer_output.gpkg,Reprojected to EPSG:3857. Aligned both layers to EPSG:3857. Schema guard restored fields: name_1->name.
1,R002,Flood exposure overlay,overlay_intersection,Vector advanced,medium,baseline,geoguard_copilot,1,1.0,0.0,1.0,1.0,1.0,,experiments/04_geo_faithfulness_evaluator/outputs/geoguard_v2_run/task_outputs/run_1/geoguard_copilot/R002/overlay_output.gpkg,Aligned both layers to EPSG:3857.
1,R003,Count schools per tract,point_count_join,Vector basic,easy,baseline,geoguard_copilot,1,1.0,0.0,1.0,1.0,1.0,,experiments/04_geo_faithfulness_evaluator/outputs/geoguard_v2_run/task_outputs/run_1/geoguard_copilot/R003/point_count_join_output.gpkg,Aligned both layers to EPSG:3857.
1,R004,Clip temperature raster,raster_clip,Raster basic,medium,baseline,geoguard_copilot,1,0.6667,0.0,1.0,1.0,1.0,,experiments/04_geo_faithfulness_evaluator/outputs/geoguard_v2_run/task_outputs/run_1/geoguard_copilot/R004/raster_clip_output.tif,Reprojected mask to raster CRS before clipping.
1,R005,Zonal statistics over census tracts,zonal_statistics,Raster-vector fusion,medium,baseline,geoguard_copilot,1,1.0,0.0,1.0,1.0,1.0,,experiments/04_geo_faithfulness_evaluator/outputs/geoguard_v2_run/task_outputs/run_1/geoguard_copilot/R005/zonal_stats_output.gpkg,Reprojected polygons to raster CRS for zonal statistics.
1,R006,Choropleth export,choropleth_export,Visualization,hard,baseline,geoguard_copilot,1,1.0,0.0,1.0,1.0,1.0,4.5,experiments/04_geo_faithfulness_evaluator/outputs/geoguard_v2_run/task_outputs/run_1/geoguard_copilot/R006/choropleth.png,Map critic enabled with legend/title.
1,R001,Hospital service areas,buffer_service_area,Vector basic,easy,ablation,without_data_profiler,1,0.625,0.6667,0.3333,1.0,0.0,,experiments/04_geo_faithfulness_evaluator/outputs/geoguard_v2_run/task_outputs/run_1/without_data_profiler/R001/buffer_output.gpkg,Geographic CRS used without safe metric reprojection. CRS mismatch without safe alignment. Missing required output fields.
1,R002,Flood exposure overlay,overlay_intersection,Vector advanced,medium,ablation,without_data_profiler,1,1.0,1.0,0.0,1.0,1.0,,experiments/04_geo_faithfulness_evaluator/outputs/geoguard_v2_run/task_outputs/run_1/without_data_profiler/R002/overlay_output.gpkg,CRS mismatch without safe alignment.
1,R003,Count schools per tract,point_count_join,Vector basic,easy,ablation,without_data_profiler,1,1.0,1.0,0.0,1.0,1.0,,experiments/04_geo_faithfulness_evaluator/outputs/geoguard_v2_run/task_outputs/run_1/without_data_profiler/R003/point_count_join_output.gpkg,CRS mismatch without safe alignment.
1,R004,Clip temperature raster,raster_clip,Raster basic,medium,ablation,without_data_profiler,1,0.6667,1.0,0.0,1.0,1.0,,experiments/04_geo_faithfulness_evaluator/outputs/geoguard_v2_run/task_outputs/run_1/without_data_profiler/R004/raster_clip_output.tif,Raster/mask CRS mismatch without safe alignment.
1,R005,Zonal statistics over census tracts,zonal_statistics,Raster-vector fusion,medium,ablation,without_data_profiler,1,1.0,1.0,0.0,1.0,1.0,,experiments/04_geo_faithfulness_evaluator/outputs/geoguard_v2_run/task_outputs/run_1/without_data_profiler/R005/zonal_stats_output.gpkg,Zonal statistics CRS mismatch without safe alignment.
1,R006,Choropleth export,choropleth_export,Visualization,hard,ablation,without_data_profiler,1,1.0,0.0,1.0,1.0,1.0,4.5,experiments/04_geo_faithfulness_evaluator/outputs/geoguard_v2_run/task_outputs/run_1/without_data_profiler/R006/choropleth.png,Map critic enabled with legend/title.
1,R001,Hospital service areas,buffer_service_area,Vector basic,easy,ablation,without_geoguard_validator,1,0.625,0.0,1.0,1.0,0.0,,experiments/04_geo_faithfulness_evaluator/outputs/geoguard_v2_run/task_outputs/run_1/without_geoguard_validator/R001/buffer_output.gpkg,Reprojected to EPSG:3857. Aligned both layers to EPSG:3857. Missing required output fields.
1,R002,Flood exposure overlay,overlay_intersection,Vector advanced,medium,ablation,without_geoguard_validator,1,1.0,0.0,1.0,1.0,1.0,,experiments/04_geo_faithfulness_evaluator/outputs/geoguard_v2_run/task_outputs/run_1/without_geoguard_validator/R002/overlay_output.gpkg,Aligned both layers to EPSG:3857.
1,R003,Count schools per tract,point_count_join,Vector basic,easy,ablation,without_geoguard_validator,1,1.0,0.0,1.0,1.0,1.0,,experiments/04_geo_faithfulness_evaluator/outputs/geoguard_v2_run/task_outputs/run_1/without_geoguard_validator/R003/point_count_join_output.gpkg,Aligned both layers to EPSG:3857.
1,R004,Clip temperature raster,raster_clip,Raster basic,medium,ablation,without_geoguard_validator,1,0.6667,0.0,1.0,1.0,1.0,,experiments/04_geo_faithfulness_evaluator/outputs/geoguard_v2_run/task_outputs/run_1/without_geoguard_validator/R004/raster_clip_output.tif,Reprojected mask to raster CRS before clipping.
1,R005,Zonal statistics over census tracts,zonal_statistics,Raster-vector fusion,medium,ablation,without_geoguard_validator,1,1.0,0.0,1.0,1.0,1.0,,experiments/04_geo_faithfulness_evaluator/outputs/geoguard_v2_run/task_outputs/run_1/without_geoguard_validator/R005/zonal_stats_output.gpkg,Reprojected polygons to raster CRS for zonal statistics.
1,R006,Choropleth export,choropleth_export,Visualization,hard,ablation,without_geoguard_validator,1,1.0,0.0,1.0,1.0,1.0,4.5,experiments/04_geo_faithfulness_evaluator/outputs/geoguard_v2_run/task_outputs/run_1/without_geoguard_validator/R006/choropleth.png,Map critic enabled with legend/title.
1,R001,Hospital service areas,buffer_service_area,Vector basic,easy,ablation,without_map_quality_critic,1,1.0,0.0,1.0,1.0,1.0,,experiments/04_geo_faithfulness_evaluator/outputs/geoguard_v2_run/task_outputs/run_1/without_map_quality_critic/R001/buffer_output.gpkg,Reprojected to EPSG:3857. Aligned both layers to EPSG:3857. Schema guard restored fields: name_1->name.
1,R002,Flood exposure overlay,overlay_intersection,Vector advanced,medium,ablation,without_map_quality_critic,1,1.0,0.0,1.0,1.0,1.0,,experiments/04_geo_faithfulness_evaluator/outputs/geoguard_v2_run/task_outputs/run_1/without_map_quality_critic/R002/overlay_output.gpkg,Aligned both layers to EPSG:3857.
1,R003,Count schools per tract,point_count_join,Vector basic,easy,ablation,without_map_quality_critic,1,1.0,0.0,1.0,1.0,1.0,,experiments/04_geo_faithfulness_evaluator/outputs/geoguard_v2_run/task_outputs/run_1/without_map_quality_critic/R003/point_count_join_output.gpkg,Aligned both layers to EPSG:3857.
1,R004,Clip temperature raster,raster_clip,Raster basic,medium,ablation,without_map_quality_critic,1,0.6667,0.0,1.0,1.0,1.0,,experiments/04_geo_faithfulness_evaluator/outputs/geoguard_v2_run/task_outputs/run_1/without_map_quality_critic/R004/raster_clip_output.tif,Reprojected mask to raster CRS before clipping.
1,R005,Zonal statistics over census tracts,zonal_statistics,Raster-vector fusion,medium,ablation,without_map_quality_critic,1,1.0,0.0,1.0,1.0,1.0,,experiments/04_geo_faithfulness_evaluator/outputs/geoguard_v2_run/task_outputs/run_1/without_map_quality_critic/R005/zonal_stats_output.gpkg,Reprojected polygons to raster CRS for zonal statistics.
1,R006,Choropleth export,choropleth_export,Visualization,hard,ablation,without_map_quality_critic,1,1.0,0.0,1.0,1.0,1.0,3.0,experiments/04_geo_faithfulness_evaluator/outputs/geoguard_v2_run/task_outputs/run_1/without_map_quality_critic/R006/choropleth.png,Plain map export without map critic.
1,R001,Hospital service areas,buffer_service_area,Vector basic,easy,ablation,without_reflector,1,1.0,0.0,1.0,1.0,1.0,,experiments/04_geo_faithfulness_evaluator/outputs/geoguard_v2_run/task_outputs/run_1/without_reflector/R001/buffer_output.gpkg,Reprojected to EPSG:3857. Aligned both layers to EPSG:3857. Schema guard restored fields: name_1->name.
1,R002,Flood exposure overlay,overlay_intersection,Vector advanced,medium,ablation,without_reflector,1,1.0,0.0,1.0,1.0,1.0,,experiments/04_geo_faithfulness_evaluator/outputs/geoguard_v2_run/task_outputs/run_1/without_reflector/R002/overlay_output.gpkg,Aligned both layers to EPSG:3857.
1,R003,Count schools per tract,point_count_join,Vector basic,easy,ablation,without_reflector,1,1.0,0.0,1.0,1.0,1.0,,experiments/04_geo_faithfulness_evaluator/outputs/geoguard_v2_run/task_outputs/run_1/without_reflector/R003/point_count_join_output.gpkg,Aligned both layers to EPSG:3857.
1,R004,Clip temperature raster,raster_clip,Raster basic,medium,ablation,without_reflector,1,0.6667,0.0,1.0,1.0,1.0,,experiments/04_geo_faithfulness_evaluator/outputs/geoguard_v2_run/task_outputs/run_1/without_reflector/R004/raster_clip_output.tif,Reprojected mask to raster CRS before clipping.
1,R005,Zonal statistics over census tracts,zonal_statistics,Raster-vector fusion,medium,ablation,without_reflector,1,1.0,0.0,1.0,1.0,1.0,,experiments/04_geo_faithfulness_evaluator/outputs/geoguard_v2_run/task_outputs/run_1/without_reflector/R005/zonal_stats_output.gpkg,Reprojected polygons to raster CRS for zonal statistics.
1,R006,Choropleth export,choropleth_export,Visualization,hard,ablation,without_reflector,1,1.0,0.0,1.0,1.0,1.0,4.5,experiments/04_geo_faithfulness_evaluator/outputs/geoguard_v2_run/task_outputs/run_1/without_reflector/R006/choropleth.png,Map critic enabled with legend/title.
2,R001,Hospital service areas,buffer_service_area,Vector basic,easy,baseline,basic_gis_copilot,1,0.625,0.6667,0.3333,1.0,0.0,,experiments/04_geo_faithfulness_evaluator/outputs/geoguard_v2_run/task_outputs/run_2/basic_gis_copilot/R001/buffer_output.gpkg,Geographic CRS used without safe metric reprojection. CRS mismatch without safe alignment. Missing required output fields.
2,R002,Flood exposure overlay,overlay_intersection,Vector advanced,medium,baseline,basic_gis_copilot,1,1.0,1.0,0.0,1.0,1.0,,experiments/04_geo_faithfulness_evaluator/outputs/geoguard_v2_run/task_outputs/run_2/basic_gis_copilot/R002/overlay_output.gpkg,CRS mismatch without safe alignment.
2,R003,Count schools per tract,point_count_join,Vector basic,easy,baseline,basic_gis_copilot,1,1.0,1.0,0.0,1.0,1.0,,experiments/04_geo_faithfulness_evaluator/outputs/geoguard_v2_run/task_outputs/run_2/basic_gis_copilot/R003/point_count_join_output.gpkg,CRS mismatch without safe alignment.
2,R004,Clip temperature raster,raster_clip,Raster basic,medium,baseline,basic_gis_copilot,1,0.6667,1.0,0.0,1.0,1.0,,experiments/04_geo_faithfulness_evaluator/outputs/geoguard_v2_run/task_outputs/run_2/basic_gis_copilot/R004/raster_clip_output.tif,Raster/mask CRS mismatch without safe alignment.
2,R005,Zonal statistics over census tracts,zonal_statistics,Raster-vector fusion,medium,baseline,basic_gis_copilot,1,1.0,1.0,0.0,1.0,1.0,,experiments/04_geo_faithfulness_evaluator/outputs/geoguard_v2_run/task_outputs/run_2/basic_gis_copilot/R005/zonal_stats_output.gpkg,Zonal statistics CRS mismatch without safe alignment.
2,R006,Choropleth export,choropleth_export,Visualization,hard,baseline,basic_gis_copilot,1,1.0,0.0,1.0,1.0,1.0,3.0,experiments/04_geo_faithfulness_evaluator/outputs/geoguard_v2_run/task_outputs/run_2/basic_gis_copilot/R006/choropleth.png,Plain map export without map critic.
2,R001,Hospital service areas,buffer_service_area,Vector basic,easy,baseline,planner_reflector,1,0.625,0.0,1.0,1.0,0.0,,experiments/04_geo_faithfulness_evaluator/outputs/geoguard_v2_run/task_outputs/run_2/planner_reflector/R001/buffer_output.gpkg,Reprojected to EPSG:3857. Aligned both layers to EPSG:3857. Missing required output fields.
2,R002,Flood exposure overlay,overlay_intersection,Vector advanced,medium,baseline,planner_reflector,1,1.0,0.0,1.0,1.0,1.0,,experiments/04_geo_faithfulness_evaluator/outputs/geoguard_v2_run/task_outputs/run_2/planner_reflector/R002/overlay_output.gpkg,Aligned both layers to EPSG:3857.
2,R003,Count schools per tract,point_count_join,Vector basic,easy,baseline,planner_reflector,1,1.0,0.0,1.0,1.0,1.0,,experiments/04_geo_faithfulness_evaluator/outputs/geoguard_v2_run/task_outputs/run_2/planner_reflector/R003/point_count_join_output.gpkg,Aligned both layers to EPSG:3857.
2,R004,Clip temperature raster,raster_clip,Raster basic,medium,baseline,planner_reflector,1,0.6667,0.0,1.0,1.0,1.0,,experiments/04_geo_faithfulness_evaluator/outputs/geoguard_v2_run/task_outputs/run_2/planner_reflector/R004/raster_clip_output.tif,Reprojected mask to raster CRS before clipping.
2,R005,Zonal statistics over census tracts,zonal_statistics,Raster-vector fusion,medium,baseline,planner_reflector,1,1.0,0.0,1.0,1.0,1.0,,experiments/04_geo_faithfulness_evaluator/outputs/geoguard_v2_run/task_outputs/run_2/planner_reflector/R005/zonal_stats_output.gpkg,Reprojected polygons to raster CRS for zonal statistics.
2,R006,Choropleth export,choropleth_export,Visualization,hard,baseline,planner_reflector,1,1.0,0.0,1.0,1.0,1.0,3.0,experiments/04_geo_faithfulness_evaluator/outputs/geoguard_v2_run/task_outputs/run_2/planner_reflector/R006/choropleth.png,Plain map export without map critic.
2,R001,Hospital service areas,buffer_service_area,Vector basic,easy,baseline,geoguard_copilot,1,1.0,0.0,1.0,1.0,1.0,,experiments/04_geo_faithfulness_evaluator/outputs/geoguard_v2_run/task_outputs/run_2/geoguard_copilot/R001/buffer_output.gpkg,Reprojected to EPSG:3857. Aligned both layers to EPSG:3857. Schema guard restored fields: name_1->name.
2,R002,Flood exposure overlay,overlay_intersection,Vector advanced,medium,baseline,geoguard_copilot,1,1.0,0.0,1.0,1.0,1.0,,experiments/04_geo_faithfulness_evaluator/outputs/geoguard_v2_run/task_outputs/run_2/geoguard_copilot/R002/overlay_output.gpkg,Aligned both layers to EPSG:3857.
2,R003,Count schools per tract,point_count_join,Vector basic,easy,baseline,geoguard_copilot,1,1.0,0.0,1.0,1.0,1.0,,experiments/04_geo_faithfulness_evaluator/outputs/geoguard_v2_run/task_outputs/run_2/geoguard_copilot/R003/point_count_join_output.gpkg,Aligned both layers to EPSG:3857.
2,R004,Clip temperature raster,raster_clip,Raster basic,medium,baseline,geoguard_copilot,1,0.6667,0.0,1.0,1.0,1.0,,experiments/04_geo_faithfulness_evaluator/outputs/geoguard_v2_run/task_outputs/run_2/geoguard_copilot/R004/raster_clip_output.tif,Reprojected mask to raster CRS before clipping.
2,R005,Zonal statistics over census tracts,zonal_statistics,Raster-vector fusion,medium,baseline,geoguard_copilot,1,1.0,0.0,1.0,1.0,1.0,,experiments/04_geo_faithfulness_evaluator/outputs/geoguard_v2_run/task_outputs/run_2/geoguard_copilot/R005/zonal_stats_output.gpkg,Reprojected polygons to raster CRS for zonal statistics.
2,R006,Choropleth export,choropleth_export,Visualization,hard,baseline,geoguard_copilot,1,1.0,0.0,1.0,1.0,1.0,4.5,experiments/04_geo_faithfulness_evaluator/outputs/geoguard_v2_run/task_outputs/run_2/geoguard_copilot/R006/choropleth.png,Map critic enabled with legend/title.
2,R001,Hospital service areas,buffer_service_area,Vector basic,easy,ablation,without_data_profiler,1,0.625,0.6667,0.3333,1.0,0.0,,experiments/04_geo_faithfulness_evaluator/outputs/geoguard_v2_run/task_outputs/run_2/without_data_profiler/R001/buffer_output.gpkg,Geographic CRS used without safe metric reprojection. CRS mismatch without safe alignment. Missing required output fields.
2,R002,Flood exposure overlay,overlay_intersection,Vector advanced,medium,ablation,without_data_profiler,1,1.0,1.0,0.0,1.0,1.0,,experiments/04_geo_faithfulness_evaluator/outputs/geoguard_v2_run/task_outputs/run_2/without_data_profiler/R002/overlay_output.gpkg,CRS mismatch without safe alignment.
2,R003,Count schools per tract,point_count_join,Vector basic,easy,ablation,without_data_profiler,1,1.0,1.0,0.0,1.0,1.0,,experiments/04_geo_faithfulness_evaluator/outputs/geoguard_v2_run/task_outputs/run_2/without_data_profiler/R003/point_count_join_output.gpkg,CRS mismatch without safe alignment.
2,R004,Clip temperature raster,raster_clip,Raster basic,medium,ablation,without_data_profiler,1,0.6667,1.0,0.0,1.0,1.0,,experiments/04_geo_faithfulness_evaluator/outputs/geoguard_v2_run/task_outputs/run_2/without_data_profiler/R004/raster_clip_output.tif,Raster/mask CRS mismatch without safe alignment.
2,R005,Zonal statistics over census tracts,zonal_statistics,Raster-vector fusion,medium,ablation,without_data_profiler,1,1.0,1.0,0.0,1.0,1.0,,experiments/04_geo_faithfulness_evaluator/outputs/geoguard_v2_run/task_outputs/run_2/without_data_profiler/R005/zonal_stats_output.gpkg,Zonal statistics CRS mismatch without safe alignment.
2,R006,Choropleth export,choropleth_export,Visualization,hard,ablation,without_data_profiler,1,1.0,0.0,1.0,1.0,1.0,4.5,experiments/04_geo_faithfulness_evaluator/outputs/geoguard_v2_run/task_outputs/run_2/without_data_profiler/R006/choropleth.png,Map critic enabled with legend/title.
2,R001,Hospital service areas,buffer_service_area,Vector basic,easy,ablation,without_geoguard_validator,1,0.625,0.0,1.0,1.0,0.0,,experiments/04_geo_faithfulness_evaluator/outputs/geoguard_v2_run/task_outputs/run_2/without_geoguard_validator/R001/buffer_output.gpkg,Reprojected to EPSG:3857. Aligned both layers to EPSG:3857. Missing required output fields.
2,R002,Flood exposure overlay,overlay_intersection,Vector advanced,medium,ablation,without_geoguard_validator,1,1.0,0.0,1.0,1.0,1.0,,experiments/04_geo_faithfulness_evaluator/outputs/geoguard_v2_run/task_outputs/run_2/without_geoguard_validator/R002/overlay_output.gpkg,Aligned both layers to EPSG:3857.
2,R003,Count schools per tract,point_count_join,Vector basic,easy,ablation,without_geoguard_validator,1,1.0,0.0,1.0,1.0,1.0,,experiments/04_geo_faithfulness_evaluator/outputs/geoguard_v2_run/task_outputs/run_2/without_geoguard_validator/R003/point_count_join_output.gpkg,Aligned both layers to EPSG:3857.
2,R004,Clip temperature raster,raster_clip,Raster basic,medium,ablation,without_geoguard_validator,1,0.6667,0.0,1.0,1.0,1.0,,experiments/04_geo_faithfulness_evaluator/outputs/geoguard_v2_run/task_outputs/run_2/without_geoguard_validator/R004/raster_clip_output.tif,Reprojected mask to raster CRS before clipping.
2,R005,Zonal statistics over census tracts,zonal_statistics,Raster-vector fusion,medium,ablation,without_geoguard_validator,1,1.0,0.0,1.0,1.0,1.0,,experiments/04_geo_faithfulness_evaluator/outputs/geoguard_v2_run/task_outputs/run_2/without_geoguard_validator/R005/zonal_stats_output.gpkg,Reprojected polygons to raster CRS for zonal statistics.
2,R006,Choropleth export,choropleth_export,Visualization,hard,ablation,without_geoguard_validator,1,1.0,0.0,1.0,1.0,1.0,4.5,experiments/04_geo_faithfulness_evaluator/outputs/geoguard_v2_run/task_outputs/run_2/without_geoguard_validator/R006/choropleth.png,Map critic enabled with legend/title.
2,R001,Hospital service areas,buffer_service_area,Vector basic,easy,ablation,without_map_quality_critic,1,1.0,0.0,1.0,1.0,1.0,,experiments/04_geo_faithfulness_evaluator/outputs/geoguard_v2_run/task_outputs/run_2/without_map_quality_critic/R001/buffer_output.gpkg,Reprojected to EPSG:3857. Aligned both layers to EPSG:3857. Schema guard restored fields: name_1->name.
2,R002,Flood exposure overlay,overlay_intersection,Vector advanced,medium,ablation,without_map_quality_critic,1,1.0,0.0,1.0,1.0,1.0,,experiments/04_geo_faithfulness_evaluator/outputs/geoguard_v2_run/task_outputs/run_2/without_map_quality_critic/R002/overlay_output.gpkg,Aligned both layers to EPSG:3857.
2,R003,Count schools per tract,point_count_join,Vector basic,easy,ablation,without_map_quality_critic,1,1.0,0.0,1.0,1.0,1.0,,experiments/04_geo_faithfulness_evaluator/outputs/geoguard_v2_run/task_outputs/run_2/without_map_quality_critic/R003/point_count_join_output.gpkg,Aligned both layers to EPSG:3857.
2,R004,Clip temperature raster,raster_clip,Raster basic,medium,ablation,without_map_quality_critic,1,0.6667,0.0,1.0,1.0,1.0,,experiments/04_geo_faithfulness_evaluator/outputs/geoguard_v2_run/task_outputs/run_2/without_map_quality_critic/R004/raster_clip_output.tif,Reprojected mask to raster CRS before clipping.
2,R005,Zonal statistics over census tracts,zonal_statistics,Raster-vector fusion,medium,ablation,without_map_quality_critic,1,1.0,0.0,1.0,1.0,1.0,,experiments/04_geo_faithfulness_evaluator/outputs/geoguard_v2_run/task_outputs/run_2/without_map_quality_critic/R005/zonal_stats_output.gpkg,Reprojected polygons to raster CRS for zonal statistics.
2,R006,Choropleth export,choropleth_export,Visualization,hard,ablation,without_map_quality_critic,1,1.0,0.0,1.0,1.0,1.0,3.0,experiments/04_geo_faithfulness_evaluator/outputs/geoguard_v2_run/task_outputs/run_2/without_map_quality_critic/R006/choropleth.png,Plain map export without map critic.
2,R001,Hospital service areas,buffer_service_area,Vector basic,easy,ablation,without_reflector,1,1.0,0.0,1.0,1.0,1.0,,experiments/04_geo_faithfulness_evaluator/outputs/geoguard_v2_run/task_outputs/run_2/without_reflector/R001/buffer_output.gpkg,Reprojected to EPSG:3857. Aligned both layers to EPSG:3857. Schema guard restored fields: name_1->name.
2,R002,Flood exposure overlay,overlay_intersection,Vector advanced,medium,ablation,without_reflector,1,1.0,0.0,1.0,1.0,1.0,,experiments/04_geo_faithfulness_evaluator/outputs/geoguard_v2_run/task_outputs/run_2/without_reflector/R002/overlay_output.gpkg,Aligned both layers to EPSG:3857.
2,R003,Count schools per tract,point_count_join,Vector basic,easy,ablation,without_reflector,1,1.0,0.0,1.0,1.0,1.0,,experiments/04_geo_faithfulness_evaluator/outputs/geoguard_v2_run/task_outputs/run_2/without_reflector/R003/point_count_join_output.gpkg,Aligned both layers to EPSG:3857.
2,R004,Clip temperature raster,raster_clip,Raster basic,medium,ablation,without_reflector,1,0.6667,0.0,1.0,1.0,1.0,,experiments/04_geo_faithfulness_evaluator/outputs/geoguard_v2_run/task_outputs/run_2/without_reflector/R004/raster_clip_output.tif,Reprojected mask to raster CRS before clipping.
2,R005,Zonal statistics over census tracts,zonal_statistics,Raster-vector fusion,medium,ablation,without_reflector,1,1.0,0.0,1.0,1.0,1.0,,experiments/04_geo_faithfulness_evaluator/outputs/geoguard_v2_run/task_outputs/run_2/without_reflector/R005/zonal_stats_output.gpkg,Reprojected polygons to raster CRS for zonal statistics.
2,R006,Choropleth export,choropleth_export,Visualization,hard,ablation,without_reflector,1,1.0,0.0,1.0,1.0,1.0,4.5,experiments/04_geo_faithfulness_evaluator/outputs/geoguard_v2_run/task_outputs/run_2/without_reflector/R006/choropleth.png,Map critic enabled with legend/title.
3,R001,Hospital service areas,buffer_service_area,Vector basic,easy,baseline,basic_gis_copilot,1,0.625,0.6667,0.3333,1.0,0.0,,experiments/04_geo_faithfulness_evaluator/outputs/geoguard_v2_run/task_outputs/run_3/basic_gis_copilot/R001/buffer_output.gpkg,Geographic CRS used without safe metric reprojection. CRS mismatch without safe alignment. Missing required output fields.
3,R002,Flood exposure overlay,overlay_intersection,Vector advanced,medium,baseline,basic_gis_copilot,1,1.0,1.0,0.0,1.0,1.0,,experiments/04_geo_faithfulness_evaluator/outputs/geoguard_v2_run/task_outputs/run_3/basic_gis_copilot/R002/overlay_output.gpkg,CRS mismatch without safe alignment.
3,R003,Count schools per tract,point_count_join,Vector basic,easy,baseline,basic_gis_copilot,1,1.0,1.0,0.0,1.0,1.0,,experiments/04_geo_faithfulness_evaluator/outputs/geoguard_v2_run/task_outputs/run_3/basic_gis_copilot/R003/point_count_join_output.gpkg,CRS mismatch without safe alignment.
3,R004,Clip temperature raster,raster_clip,Raster basic,medium,baseline,basic_gis_copilot,1,0.6667,1.0,0.0,1.0,1.0,,experiments/04_geo_faithfulness_evaluator/outputs/geoguard_v2_run/task_outputs/run_3/basic_gis_copilot/R004/raster_clip_output.tif,Raster/mask CRS mismatch without safe alignment.
3,R005,Zonal statistics over census tracts,zonal_statistics,Raster-vector fusion,medium,baseline,basic_gis_copilot,1,1.0,1.0,0.0,1.0,1.0,,experiments/04_geo_faithfulness_evaluator/outputs/geoguard_v2_run/task_outputs/run_3/basic_gis_copilot/R005/zonal_stats_output.gpkg,Zonal statistics CRS mismatch without safe alignment.
3,R006,Choropleth export,choropleth_export,Visualization,hard,baseline,basic_gis_copilot,1,1.0,0.0,1.0,1.0,1.0,3.0,experiments/04_geo_faithfulness_evaluator/outputs/geoguard_v2_run/task_outputs/run_3/basic_gis_copilot/R006/choropleth.png,Plain map export without map critic.
3,R001,Hospital service areas,buffer_service_area,Vector basic,easy,baseline,planner_reflector,1,0.625,0.0,1.0,1.0,0.0,,experiments/04_geo_faithfulness_evaluator/outputs/geoguard_v2_run/task_outputs/run_3/planner_reflector/R001/buffer_output.gpkg,Reprojected to EPSG:3857. Aligned both layers to EPSG:3857. Missing required output fields.
3,R002,Flood exposure overlay,overlay_intersection,Vector advanced,medium,baseline,planner_reflector,1,1.0,0.0,1.0,1.0,1.0,,experiments/04_geo_faithfulness_evaluator/outputs/geoguard_v2_run/task_outputs/run_3/planner_reflector/R002/overlay_output.gpkg,Aligned both layers to EPSG:3857.
3,R003,Count schools per tract,point_count_join,Vector basic,easy,baseline,planner_reflector,1,1.0,0.0,1.0,1.0,1.0,,experiments/04_geo_faithfulness_evaluator/outputs/geoguard_v2_run/task_outputs/run_3/planner_reflector/R003/point_count_join_output.gpkg,Aligned both layers to EPSG:3857.
3,R004,Clip temperature raster,raster_clip,Raster basic,medium,baseline,planner_reflector,1,0.6667,0.0,1.0,1.0,1.0,,experiments/04_geo_faithfulness_evaluator/outputs/geoguard_v2_run/task_outputs/run_3/planner_reflector/R004/raster_clip_output.tif,Reprojected mask to raster CRS before clipping.
3,R005,Zonal statistics over census tracts,zonal_statistics,Raster-vector fusion,medium,baseline,planner_reflector,1,1.0,0.0,1.0,1.0,1.0,,experiments/04_geo_faithfulness_evaluator/outputs/geoguard_v2_run/task_outputs/run_3/planner_reflector/R005/zonal_stats_output.gpkg,Reprojected polygons to raster CRS for zonal statistics.
3,R006,Choropleth export,choropleth_export,Visualization,hard,baseline,planner_reflector,1,1.0,0.0,1.0,1.0,1.0,3.0,experiments/04_geo_faithfulness_evaluator/outputs/geoguard_v2_run/task_outputs/run_3/planner_reflector/R006/choropleth.png,Plain map export without map critic.
3,R001,Hospital service areas,buffer_service_area,Vector basic,easy,baseline,geoguard_copilot,1,1.0,0.0,1.0,1.0,1.0,,experiments/04_geo_faithfulness_evaluator/outputs/geoguard_v2_run/task_outputs/run_3/geoguard_copilot/R001/buffer_output.gpkg,Reprojected to EPSG:3857. Aligned both layers to EPSG:3857. Schema guard restored fields: name_1->name.
3,R002,Flood exposure overlay,overlay_intersection,Vector advanced,medium,baseline,geoguard_copilot,1,1.0,0.0,1.0,1.0,1.0,,experiments/04_geo_faithfulness_evaluator/outputs/geoguard_v2_run/task_outputs/run_3/geoguard_copilot/R002/overlay_output.gpkg,Aligned both layers to EPSG:3857.
3,R003,Count schools per tract,point_count_join,Vector basic,easy,baseline,geoguard_copilot,1,1.0,0.0,1.0,1.0,1.0,,experiments/04_geo_faithfulness_evaluator/outputs/geoguard_v2_run/task_outputs/run_3/geoguard_copilot/R003/point_count_join_output.gpkg,Aligned both layers to EPSG:3857.
3,R004,Clip temperature raster,raster_clip,Raster basic,medium,baseline,geoguard_copilot,1,0.6667,0.0,1.0,1.0,1.0,,experiments/04_geo_faithfulness_evaluator/outputs/geoguard_v2_run/task_outputs/run_3/geoguard_copilot/R004/raster_clip_output.tif,Reprojected mask to raster CRS before clipping.
3,R005,Zonal statistics over census tracts,zonal_statistics,Raster-vector fusion,medium,baseline,geoguard_copilot,1,1.0,0.0,1.0,1.0,1.0,,experiments/04_geo_faithfulness_evaluator/outputs/geoguard_v2_run/task_outputs/run_3/geoguard_copilot/R005/zonal_stats_output.gpkg,Reprojected polygons to raster CRS for zonal statistics.
3,R006,Choropleth export,choropleth_export,Visualization,hard,baseline,geoguard_copilot,1,1.0,0.0,1.0,1.0,1.0,4.5,experiments/04_geo_faithfulness_evaluator/outputs/geoguard_v2_run/task_outputs/run_3/geoguard_copilot/R006/choropleth.png,Map critic enabled with legend/title.
3,R001,Hospital service areas,buffer_service_area,Vector basic,easy,ablation,without_data_profiler,1,0.625,0.6667,0.3333,1.0,0.0,,experiments/04_geo_faithfulness_evaluator/outputs/geoguard_v2_run/task_outputs/run_3/without_data_profiler/R001/buffer_output.gpkg,Geographic CRS used without safe metric reprojection. CRS mismatch without safe alignment. Missing required output fields.
3,R002,Flood exposure overlay,overlay_intersection,Vector advanced,medium,ablation,without_data_profiler,1,1.0,1.0,0.0,1.0,1.0,,experiments/04_geo_faithfulness_evaluator/outputs/geoguard_v2_run/task_outputs/run_3/without_data_profiler/R002/overlay_output.gpkg,CRS mismatch without safe alignment.
3,R003,Count schools per tract,point_count_join,Vector basic,easy,ablation,without_data_profiler,1,1.0,1.0,0.0,1.0,1.0,,experiments/04_geo_faithfulness_evaluator/outputs/geoguard_v2_run/task_outputs/run_3/without_data_profiler/R003/point_count_join_output.gpkg,CRS mismatch without safe alignment.
3,R004,Clip temperature raster,raster_clip,Raster basic,medium,ablation,without_data_profiler,1,0.6667,1.0,0.0,1.0,1.0,,experiments/04_geo_faithfulness_evaluator/outputs/geoguard_v2_run/task_outputs/run_3/without_data_profiler/R004/raster_clip_output.tif,Raster/mask CRS mismatch without safe alignment.
3,R005,Zonal statistics over census tracts,zonal_statistics,Raster-vector fusion,medium,ablation,without_data_profiler,1,1.0,1.0,0.0,1.0,1.0,,experiments/04_geo_faithfulness_evaluator/outputs/geoguard_v2_run/task_outputs/run_3/without_data_profiler/R005/zonal_stats_output.gpkg,Zonal statistics CRS mismatch without safe alignment.
3,R006,Choropleth export,choropleth_export,Visualization,hard,ablation,without_data_profiler,1,1.0,0.0,1.0,1.0,1.0,4.5,experiments/04_geo_faithfulness_evaluator/outputs/geoguard_v2_run/task_outputs/run_3/without_data_profiler/R006/choropleth.png,Map critic enabled with legend/title.
3,R001,Hospital service areas,buffer_service_area,Vector basic,easy,ablation,without_geoguard_validator,1,0.625,0.0,1.0,1.0,0.0,,experiments/04_geo_faithfulness_evaluator/outputs/geoguard_v2_run/task_outputs/run_3/without_geoguard_validator/R001/buffer_output.gpkg,Reprojected to EPSG:3857. Aligned both layers to EPSG:3857. Missing required output fields.
3,R002,Flood exposure overlay,overlay_intersection,Vector advanced,medium,ablation,without_geoguard_validator,1,1.0,0.0,1.0,1.0,1.0,,experiments/04_geo_faithfulness_evaluator/outputs/geoguard_v2_run/task_outputs/run_3/without_geoguard_validator/R002/overlay_output.gpkg,Aligned both layers to EPSG:3857.
3,R003,Count schools per tract,point_count_join,Vector basic,easy,ablation,without_geoguard_validator,1,1.0,0.0,1.0,1.0,1.0,,experiments/04_geo_faithfulness_evaluator/outputs/geoguard_v2_run/task_outputs/run_3/without_geoguard_validator/R003/point_count_join_output.gpkg,Aligned both layers to EPSG:3857.
3,R004,Clip temperature raster,raster_clip,Raster basic,medium,ablation,without_geoguard_validator,1,0.6667,0.0,1.0,1.0,1.0,,experiments/04_geo_faithfulness_evaluator/outputs/geoguard_v2_run/task_outputs/run_3/without_geoguard_validator/R004/raster_clip_output.tif,Reprojected mask to raster CRS before clipping.
3,R005,Zonal statistics over census tracts,zonal_statistics,Raster-vector fusion,medium,ablation,without_geoguard_validator,1,1.0,0.0,1.0,1.0,1.0,,experiments/04_geo_faithfulness_evaluator/outputs/geoguard_v2_run/task_outputs/run_3/without_geoguard_validator/R005/zonal_stats_output.gpkg,Reprojected polygons to raster CRS for zonal statistics.
3,R006,Choropleth export,choropleth_export,Visualization,hard,ablation,without_geoguard_validator,1,1.0,0.0,1.0,1.0,1.0,4.5,experiments/04_geo_faithfulness_evaluator/outputs/geoguard_v2_run/task_outputs/run_3/without_geoguard_validator/R006/choropleth.png,Map critic enabled with legend/title.
3,R001,Hospital service areas,buffer_service_area,Vector basic,easy,ablation,without_map_quality_critic,1,1.0,0.0,1.0,1.0,1.0,,experiments/04_geo_faithfulness_evaluator/outputs/geoguard_v2_run/task_outputs/run_3/without_map_quality_critic/R001/buffer_output.gpkg,Reprojected to EPSG:3857. Aligned both layers to EPSG:3857. Schema guard restored fields: name_1->name.
3,R002,Flood exposure overlay,overlay_intersection,Vector advanced,medium,ablation,without_map_quality_critic,1,1.0,0.0,1.0,1.0,1.0,,experiments/04_geo_faithfulness_evaluator/outputs/geoguard_v2_run/task_outputs/run_3/without_map_quality_critic/R002/overlay_output.gpkg,Aligned both layers to EPSG:3857.
3,R003,Count schools per tract,point_count_join,Vector basic,easy,ablation,without_map_quality_critic,1,1.0,0.0,1.0,1.0,1.0,,experiments/04_geo_faithfulness_evaluator/outputs/geoguard_v2_run/task_outputs/run_3/without_map_quality_critic/R003/point_count_join_output.gpkg,Aligned both layers to EPSG:3857.
3,R004,Clip temperature raster,raster_clip,Raster basic,medium,ablation,without_map_quality_critic,1,0.6667,0.0,1.0,1.0,1.0,,experiments/04_geo_faithfulness_evaluator/outputs/geoguard_v2_run/task_outputs/run_3/without_map_quality_critic/R004/raster_clip_output.tif,Reprojected mask to raster CRS before clipping.
3,R005,Zonal statistics over census tracts,zonal_statistics,Raster-vector fusion,medium,ablation,without_map_quality_critic,1,1.0,0.0,1.0,1.0,1.0,,experiments/04_geo_faithfulness_evaluator/outputs/geoguard_v2_run/task_outputs/run_3/without_map_quality_critic/R005/zonal_stats_output.gpkg,Reprojected polygons to raster CRS for zonal statistics.
3,R006,Choropleth export,choropleth_export,Visualization,hard,ablation,without_map_quality_critic,1,1.0,0.0,1.0,1.0,1.0,3.0,experiments/04_geo_faithfulness_evaluator/outputs/geoguard_v2_run/task_outputs/run_3/without_map_quality_critic/R006/choropleth.png,Plain map export without map critic.
3,R001,Hospital service areas,buffer_service_area,Vector basic,easy,ablation,without_reflector,1,1.0,0.0,1.0,1.0,1.0,,experiments/04_geo_faithfulness_evaluator/outputs/geoguard_v2_run/task_outputs/run_3/without_reflector/R001/buffer_output.gpkg,Reprojected to EPSG:3857. Aligned both layers to EPSG:3857. Schema guard restored fields: name_1->name.
3,R002,Flood exposure overlay,overlay_intersection,Vector advanced,medium,ablation,without_reflector,1,1.0,0.0,1.0,1.0,1.0,,experiments/04_geo_faithfulness_evaluator/outputs/geoguard_v2_run/task_outputs/run_3/without_reflector/R002/overlay_output.gpkg,Aligned both layers to EPSG:3857.
3,R003,Count schools per tract,point_count_join,Vector basic,easy,ablation,without_reflector,1,1.0,0.0,1.0,1.0,1.0,,experiments/04_geo_faithfulness_evaluator/outputs/geoguard_v2_run/task_outputs/run_3/without_reflector/R003/point_count_join_output.gpkg,Aligned both layers to EPSG:3857.
3,R004,Clip temperature raster,raster_clip,Raster basic,medium,ablation,without_reflector,1,0.6667,0.0,1.0,1.0,1.0,,experiments/04_geo_faithfulness_evaluator/outputs/geoguard_v2_run/task_outputs/run_3/without_reflector/R004/raster_clip_output.tif,Reprojected mask to raster CRS before clipping.
3,R005,Zonal statistics over census tracts,zonal_statistics,Raster-vector fusion,medium,ablation,without_reflector,1,1.0,0.0,1.0,1.0,1.0,,experiments/04_geo_faithfulness_evaluator/outputs/geoguard_v2_run/task_outputs/run_3/without_reflector/R005/zonal_stats_output.gpkg,Reprojected polygons to raster CRS for zonal statistics.
3,R006,Choropleth export,choropleth_export,Visualization,hard,ablation,without_reflector,1,1.0,0.0,1.0,1.0,1.0,4.5,experiments/04_geo_faithfulness_evaluator/outputs/geoguard_v2_run/task_outputs/run_3/without_reflector/R006/choropleth.png,Map critic enabled with legend/title.
